statement,label,question,question_with_answer
Edwin Herbert Hall lived in the U.S.,1,In which country did Edwin Herbert Hall live?,In which country did Edwin Herbert Hall live? the U.S.
Emile Berliner lived in Russia.,0,In which country did Emile Berliner live?,In which country did Emile Berliner live? Russia.
Frederick Walton lived in the U.S.,0,In which country did Frederick Walton live?,In which country did Frederick Walton live? the U.S.
William Congreve lived in Canada.,0,In which country did William Congreve live?,In which country did William Congreve live? Canada.
Gustaf Dalén lived in Sweden.,1,In which country did Gustaf Dalén live?,In which country did Gustaf Dalén live? Sweden.
Evangelista Torricelli lived in the U.S.,0,In which country did Evangelista Torricelli live?,In which country did Evangelista Torricelli live? the U.S.
George Pullman lived in the U.K.,0,In which country did George Pullman live?,In which country did George Pullman live? the U.K.
Marvin Camras lived in France.,0,In which country did Marvin Camras live?,In which country did Marvin Camras live? France.
William Sturgeon lived in the U.K.,1,In which country did William Sturgeon live?,In which country did William Sturgeon live? the U.K.
Frederick Walton lived in the U.K.,1,In which country did Frederick Walton live?,In which country did Frederick Walton live? the U.K.
Clarence Birdseye lived in the U.S.,1,In which country did Clarence Birdseye live?,In which country did Clarence Birdseye live? the U.S.
Gideon Sundback lived in Sweden/the U.S.,1,In which country did Gideon Sundback live?,In which country did Gideon Sundback live? Sweden/the U.S.
John Shepherd-Barron lived in Scotland.,1,In which country did John Shepherd-Barron live?,In which country did John Shepherd-Barron live? Scotland.
Edwin Link lived in the U.K.,0,In which country did Edwin Link live?,In which country did Edwin Link live? the U.K.
Chester Carlson lived in the U.K.,0,In which country did Chester Carlson live?,In which country did Chester Carlson live? the U.K.
Whitcomb Judson lived in the U.S.,1,In which country did Whitcomb Judson live?,In which country did Whitcomb Judson live? the U.S.
Joseph Glidden lived in the U.S.,1,In which country did Joseph Glidden live?,In which country did Joseph Glidden live? the U.S.
Rudolf Diesel lived in the U.S.,0,In which country did Rudolf Diesel live?,In which country did Rudolf Diesel live? the U.S.
Charles Wheatstone lived in France.,0,In which country did Charles Wheatstone live?,In which country did Charles Wheatstone live? France.
John Callcott Horsley lived in Germany.,0,In which country did John Callcott Horsley live?,In which country did John Callcott Horsley live? Germany.
Charles Goodyear lived in the U.S.,1,In which country did Charles Goodyear live?,In which country did Charles Goodyear live? the U.S.
Lloyd Groff Copeman lived in the U.S.,1,In which country did Lloyd Groff Copeman live?,In which country did Lloyd Groff Copeman live? the U.S.
Herbert Akroyd Stuart lived in England.,1,In which country did Herbert Akroyd Stuart live?,In which country did Herbert Akroyd Stuart live? England.
Herbert Saffir lived in the U.K.,0,In which country did Herbert Saffir live?,In which country did Herbert Saffir live? the U.K.
August Horch lived in Russia.,0,In which country did August Horch live?,In which country did August Horch live? Russia.
Joseph Marie Jacquard lived in the Netherlands.,0,In which country did Joseph Marie Jacquard live?,In which country did Joseph Marie Jacquard live? the Netherlands.
David Edward Hughes lived in the U.S.,1,In which country did David Edward Hughes live?,In which country did David Edward Hughes live? the U.S.
Yoshua Bengio lived in Canada.,1,In which country did Yoshua Bengio live?,In which country did Yoshua Bengio live? Canada.
Ferdinand Carré lived in the U.S.,0,In which country did Ferdinand Carré live?,In which country did Ferdinand Carré live? the U.S.
Rudolf Kálmán lived in Hungary.,1,In which country did Rudolf Kálmán live?,In which country did Rudolf Kálmán live? Hungary.
Charles Fritts lived in the U.S.,1,In which country did Charles Fritts live?,In which country did Charles Fritts live? the U.S.
Narinder Singh Kapany lived in India.,1,In which country did Narinder Singh Kapany live?,In which country did Narinder Singh Kapany live? India.
Archimedes lived in Ancient Greece.,1,In which country did Archimedes live?,In which country did Archimedes live? Ancient Greece.
Gottlieb Daimler lived in France.,0,In which country did Gottlieb Daimler live?,In which country did Gottlieb Daimler live? France.
Fritz Pfleumer lived in Germany.,1,In which country did Fritz Pfleumer live?,In which country did Fritz Pfleumer live? Germany.
Arthur Fry lived in the U.S.,1,In which country did Arthur Fry live?,In which country did Arthur Fry live? the U.S.
Fridtjof Nansen lived in the U.K.,0,In which country did Fridtjof Nansen live?,In which country did Fridtjof Nansen live? the U.K.
Semyon Kirlian lived in Russia.,1,In which country did Semyon Kirlian live?,In which country did Semyon Kirlian live? Russia.
Ignazio Porro lived in Italy.,1,In which country did Ignazio Porro live?,In which country did Ignazio Porro live? Italy.
Paul Gottlieb Nipkow lived in Denmark.,0,In which country did Paul Gottlieb Nipkow live?,In which country did Paul Gottlieb Nipkow live? Denmark.
Edwin H. Land lived in Sweden.,0,In which country did Edwin H. Land live?,In which country did Edwin H. Land live? Sweden.
Lester Wire lived in the U.S.,1,In which country did Lester Wire live?,In which country did Lester Wire live? the U.S.
László Bíró lived in Hungary.,1,In which country did László Bíró live?,In which country did László Bíró live? Hungary.
George Eastman lived in the U.K.,0,In which country did George Eastman live?,In which country did George Eastman live? the U.K.
Galileo Galilei lived in Italy.,1,In which country did Galileo Galilei live?,In which country did Galileo Galilei live? Italy.
John Atanasoff lived in the U.S.,1,In which country did John Atanasoff live?,In which country did John Atanasoff live? the U.S.
Benjamin Franklin lived in the U.S.,1,In which country did Benjamin Franklin live?,In which country did Benjamin Franklin live? the U.S.
Sir Sandford Fleming lived in Canada.,1,In which country did Sir Sandford Fleming live?,In which country did Sir Sandford Fleming live? Canada.
Robert Moog lived in the U.S.,1,In which country did Robert Moog live?,In which country did Robert Moog live? the U.S.
George Washington Carver lived in the U.S.,1,In which country did George Washington Carver live?,In which country did George Washington Carver live? the U.S.
James Clerk Maxwell lived in the U.S.,0,In which country did James Clerk Maxwell live?,In which country did James Clerk Maxwell live? the U.S.
Hans Lippershey lived in the U.S.,0,In which country did Hans Lippershey live?,In which country did Hans Lippershey live? the U.S.
Fridtjof Nansen lived in Norway.,1,In which country did Fridtjof Nansen live?,In which country did Fridtjof Nansen live? Norway.
Sir Sandford Fleming lived in the U.S.,0,In which country did Sir Sandford Fleming live?,In which country did Sir Sandford Fleming live? the U.S.
Willis Carrier lived in the U.S.,1,In which country did Willis Carrier live?,In which country did Willis Carrier live? the U.S.
Joseph-Armand Bombardier lived in Canada.,1,In which country did Joseph-Armand Bombardier live?,In which country did Joseph-Armand Bombardier live? Canada.
Earle Dickson lived in the U.S.,1,In which country did Earle Dickson live?,In which country did Earle Dickson live? the U.S.
Luther George Simjian lived in Turkey/the U.S.,1,In which country did Luther George Simjian live?,In which country did Luther George Simjian live? Turkey/the U.S.
Herbert Saffir lived in the U.S.,1,In which country did Herbert Saffir live?,In which country did Herbert Saffir live? the U.S.
Ignazio Porro lived in the U.S.,0,In which country did Ignazio Porro live?,In which country did Ignazio Porro live? the U.S.
Wallace Carothers lived in the U.S.,1,In which country did Wallace Carothers live?,In which country did Wallace Carothers live? the U.S.
John Wesley Hyatt lived in the U.S.,1,In which country did John Wesley Hyatt live?,In which country did John Wesley Hyatt live? the U.S.
James Dyson lived in the U.K.,1,In which country did James Dyson live?,In which country did James Dyson live? the U.K.
Candace Pert lived in the U.S.,1,In which country did Candace Pert live?,In which country did Candace Pert live? the U.S.
David Schwarz lived in France.,0,In which country did David Schwarz live?,In which country did David Schwarz live? France.
Walter Hunt lived in the U.S.,1,In which country did Walter Hunt live?,In which country did Walter Hunt live? the U.S.
Samuel Morse lived in Germany.,0,In which country did Samuel Morse live?,In which country did Samuel Morse live? Germany.
Yvonne Brill lived in Canada.,1,In which country did Yvonne Brill live?,In which country did Yvonne Brill live? Canada.
Guglielmo Marconi lived in the U.K.,0,In which country did Guglielmo Marconi live?,In which country did Guglielmo Marconi live? the U.K.
Shinya Yamanaka lived in Germany.,0,In which country did Shinya Yamanaka live?,In which country did Shinya Yamanaka live? Germany.
Carl Sontheimer lived in Switzerland.,0,In which country did Carl Sontheimer live?,In which country did Carl Sontheimer live? Switzerland.
Sergey Brin and Larry Page lived in the U.K.,0,In which country did Sergey Brin and Larry Page live?,In which country did Sergey Brin and Larry Page live? the U.K.
Percy Spencer lived in the U.S.,1,In which country did Percy Spencer live?,In which country did Percy Spencer live? the U.S.
Henry Bessemer lived in the U.K.,1,In which country did Henry Bessemer live?,In which country did Henry Bessemer live? the U.K.
Ruth Handler lived in the Netherlands.,0,In which country did Ruth Handler live?,In which country did Ruth Handler live? the Netherlands.
Richard Leach Maddox lived in the U.K.,1,In which country did Richard Leach Maddox live?,In which country did Richard Leach Maddox live? the U.K.
Alfred Nobel lived in the U.S.,0,In which country did Alfred Nobel live?,In which country did Alfred Nobel live? the U.S.
Thomas Wedgwood lived in the U.K.,1,In which country did Thomas Wedgwood live?,In which country did Thomas Wedgwood live? the U.K.
Frank Bunker Gilbreth lived in the U.S.,1,In which country did Frank Bunker Gilbreth live?,In which country did Frank Bunker Gilbreth live? the U.S.
Benjamin Holt lived in the U.S.,1,In which country did Benjamin Holt live?,In which country did Benjamin Holt live? the U.S.
Josephine Cochrane lived in Germany.,0,In which country did Josephine Cochrane live?,In which country did Josephine Cochrane live? Germany.
Godfrey Hounsfield lived in Denmark.,0,In which country did Godfrey Hounsfield live?,In which country did Godfrey Hounsfield live? Denmark.
Antoine Lavoisier lived in France.,1,In which country did Antoine Lavoisier live?,In which country did Antoine Lavoisier live? France.
Carlos Glidden lived in Scotland.,0,In which country did Carlos Glidden live?,In which country did Carlos Glidden live? Scotland.
Maria Telkes lived in Hungary/the U.S.,1,In which country did Maria Telkes live?,In which country did Maria Telkes live? Hungary/the U.S.
Robert Adler lived in Austria/the U.S.,1,In which country did Robert Adler live?,In which country did Robert Adler live? Austria/the U.S.
James Watt lived in the U.S.,0,In which country did James Watt live?,In which country did James Watt live? the U.S.
Edwin Link lived in the U.S.,1,In which country did Edwin Link live?,In which country did Edwin Link live? the U.S.
Igor Sikorsky lived in the U.S.,0,In which country did Igor Sikorsky live?,In which country did Igor Sikorsky live? the U.S.
Sir Humphry Davy lived in the U.K.,1,In which country did Sir Humphry Davy live?,In which country did Sir Humphry Davy live? the U.K.
Nikolai Basov lived in the U.S.,0,In which country did Nikolai Basov live?,In which country did Nikolai Basov live? the U.S.
Edwin H. Land lived in the U.S.,1,In which country did Edwin H. Land live?,In which country did Edwin H. Land live? the U.S.
Cai Lun lived in Italy.,0,In which country did Cai Lun live?,In which country did Cai Lun live? Italy.
Mary Walton lived in France.,0,In which country did Mary Walton live?,In which country did Mary Walton live? France.
Joseph Aspdin lived in Switzerland.,0,In which country did Joseph Aspdin live?,In which country did Joseph Aspdin live? Switzerland.
James Watt lived in Scotland.,1,In which country did James Watt live?,In which country did James Watt live? Scotland.
Ernest Swinton lived in the U.K.,1,In which country did Ernest Swinton live?,In which country did Ernest Swinton live? the U.K.
Jean-Bernard-Léon Foucault lived in France.,1,In which country did Jean-Bernard-Léon Foucault live?,In which country did Jean-Bernard-Léon Foucault live? France.
Gordon Gould lived in the U.S.,1,In which country did Gordon Gould live?,In which country did Gordon Gould live? the U.S.
Leonardo da Vinci lived in Poland/France.,0,In which country did Leonardo da Vinci live?,In which country did Leonardo da Vinci live? Poland/France.
Ernesto Blanco lived in the U.S.,1,In which country did Ernesto Blanco live?,In which country did Ernesto Blanco live? the U.S.
George Cayley lived in Canada.,0,In which country did George Cayley live?,In which country did George Cayley live? Canada.
John von Neumann lived in Hungary/the U.S.,1,In which country did John von Neumann live?,In which country did John von Neumann live? Hungary/the U.S.
Gideon Sundback lived in the U.S.,0,In which country did Gideon Sundback live?,In which country did Gideon Sundback live? the U.S.
Ruth Benerito lived in the U.S.,1,In which country did Ruth Benerito live?,In which country did Ruth Benerito live? the U.S.
Robert Moog lived in Austria/the U.S.,0,In which country did Robert Moog live?,In which country did Robert Moog live? Austria/the U.S.
Luther George Simjian lived in Norway.,0,In which country did Luther George Simjian live?,In which country did Luther George Simjian live? Norway.
Ralph H. Baer lived in the U.S.,1,In which country did Ralph H. Baer live?,In which country did Ralph H. Baer live? the U.S.
John Gorrie lived in Italy.,0,In which country did John Gorrie live?,In which country did John Gorrie live? Italy.
Michael Faraday lived in the U.K.,1,In which country did Michael Faraday live?,In which country did Michael Faraday live? the U.K.
Lloyd Groff Copeman lived in Germany.,0,In which country did Lloyd Groff Copeman live?,In which country did Lloyd Groff Copeman live? Germany.
Philo Farnsworth lived in Germany.,0,In which country did Philo Farnsworth live?,In which country did Philo Farnsworth live? Germany.
Alan Turing lived in the U.K.,1,In which country did Alan Turing live?,In which country did Alan Turing live? the U.K.
Elisha Gray lived in the U.S.,1,In which country did Elisha Gray live?,In which country did Elisha Gray live? the U.S.
Édouard-Léon Scott de Martinville lived in France.,1,In which country did Édouard-Léon Scott de Martinville live?,In which country did Édouard-Léon Scott de Martinville live? France.
Zhores Alferov lived in the U.K.,0,In which country did Zhores Alferov live?,In which country did Zhores Alferov live? the U.K.
Leon Theremin lived in Russia.,1,In which country did Leon Theremin live?,In which country did Leon Theremin live? Russia.
Rudolf Diesel lived in Germany.,1,In which country did Rudolf Diesel live?,In which country did Rudolf Diesel live? Germany.
Elisha Otis lived in the U.S.,1,In which country did Elisha Otis live?,In which country did Elisha Otis live? the U.S.
László Bíró lived in the U.S.,0,In which country did László Bíró live?,In which country did László Bíró live? the U.S.
Valdemar Poulsen lived in Denmark.,1,In which country did Valdemar Poulsen live?,In which country did Valdemar Poulsen live? Denmark.
James Murray Spangler lived in the U.K.,0,In which country did James Murray Spangler live?,In which country did James Murray Spangler live? the U.K.
Joseph Aspdin lived in the U.K.,1,In which country did Joseph Aspdin live?,In which country did Joseph Aspdin live? the U.K.
Hans Berger lived in the U.S.,0,In which country did Hans Berger live?,In which country did Hans Berger live? the U.S.
Philo Farnsworth lived in the U.S.,1,In which country did Philo Farnsworth live?,In which country did Philo Farnsworth live? the U.S.
Ralph Benjamin lived in Italy.,0,In which country did Ralph Benjamin live?,In which country did Ralph Benjamin live? Italy.
Florence Parpart lived in the U.K.,0,In which country did Florence Parpart live?,In which country did Florence Parpart live? the U.K.
Marvin Camras lived in the U.S.,1,In which country did Marvin Camras live?,In which country did Marvin Camras live? the U.S.
Charles Babbage lived in the U.K.,1,In which country did Charles Babbage live?,In which country did Charles Babbage live? the U.K.
Charles Francis Richter lived in France.,0,In which country did Charles Francis Richter live?,In which country did Charles Francis Richter live? France.
Ami Argand lived in Switzerland.,1,In which country did Ami Argand live?,In which country did Ami Argand live? Switzerland.
Kwolek lived in the U.S.,0,In which country did Kwolek live?,In which country did Kwolek live? the U.S.
Richard Gatling lived in the U.K.,0,In which country did Richard Gatling live?,In which country did Richard Gatling live? the U.K.
Luther Simjian lived in Turkey/the U.S.,1,In which country did Luther Simjian live?,In which country did Luther Simjian live? Turkey/the U.S.
Joseph Bramah lived in the U.K.,1,In which country did Joseph Bramah live?,In which country did Joseph Bramah live? the U.K.
Hans Geiger lived in Austria/the U.S.,0,In which country did Hans Geiger live?,In which country did Hans Geiger live? Austria/the U.S.
Alexander Graham Bell lived in Scotland/Canada/the U.S.,1,In which country did Alexander Graham Bell live?,In which country did Alexander Graham Bell live? Scotland/Canada/the U.S.
Blaise Pascal lived in Poland/France.,0,In which country did Blaise Pascal live?,In which country did Blaise Pascal live? Poland/France.
Charles Macintosh lived in the U.K.,1,In which country did Charles Macintosh live?,In which country did Charles Macintosh live? the U.K.
Narinder Singh Kapany lived in the U.K.,0,In which country did Narinder Singh Kapany live?,In which country did Narinder Singh Kapany live? the U.K.
Bette Nesmith Graham lived in the U.S.,1,In which country did Bette Nesmith Graham live?,In which country did Bette Nesmith Graham live? the U.S.
Édouard-Léon Scott de Martinville lived in the U.K.,0,In which country did Édouard-Léon Scott de Martinville live?,In which country did Édouard-Léon Scott de Martinville live? the U.K.
Orville and Wilbur Wright lived in the U.S.,1,In which country did Orville and Wilbur Wright live?,In which country did Orville and Wilbur Wright live? the U.S.
Richard Leach Maddox lived in Austria.,0,In which country did Richard Leach Maddox live?,In which country did Richard Leach Maddox live? Austria.
Hans Oersted lived in the U.S.,0,In which country did Hans Oersted live?,In which country did Hans Oersted live? the U.S.
Charles Cros lived in the U.S.,0,In which country did Charles Cros live?,In which country did Charles Cros live? the U.S.
R. Buckminster Fuller lived in Scotland.,0,In which country did R. Buckminster Fuller live?,In which country did R. Buckminster Fuller live? Scotland.
Willis Carrier lived in Italy.,0,In which country did Willis Carrier live?,In which country did Willis Carrier live? Italy.
Charles Cros lived in France.,1,In which country did Charles Cros live?,In which country did Charles Cros live? France.
Thomas Savery lived in the U.K.,1,In which country did Thomas Savery live?,In which country did Thomas Savery live? the U.K.
Bartolomeo Cristofori lived in Italy.,1,In which country did Bartolomeo Cristofori live?,In which country did Bartolomeo Cristofori live? Italy.
Louis Pasteur lived in France.,1,In which country did Louis Pasteur live?,In which country did Louis Pasteur live? France.
Frederick G. Creed lived in Sweden.,0,In which country did Frederick G. Creed live?,In which country did Frederick G. Creed live? Sweden.
Alexander Fleming lived in France.,0,In which country did Alexander Fleming live?,In which country did Alexander Fleming live? France.
Florence Parpart lived in the U.S.,1,In which country did Florence Parpart live?,In which country did Florence Parpart live? the U.S.
Henri Giffard lived in the U.S.,0,In which country did Henri Giffard live?,In which country did Henri Giffard live? the U.S.
Paul Gottlieb Nipkow lived in Germany.,1,In which country did Paul Gottlieb Nipkow live?,In which country did Paul Gottlieb Nipkow live? Germany.
Hippolyte Mège-Mouriès lived in the U.S.,0,In which country did Hippolyte Mège-Mouriès live?,In which country did Hippolyte Mège-Mouriès live? the U.S.
Josephine Cochrane lived in the U.S.,1,In which country did Josephine Cochrane live?,In which country did Josephine Cochrane live? the U.S.
Mary Anderson lived in the U.S.,1,In which country did Mary Anderson live?,In which country did Mary Anderson live? the U.S.
Otis Boykin lived in France.,0,In which country did Otis Boykin live?,In which country did Otis Boykin live? France.
John Callcott Horsley lived in the U.K.,1,In which country did John Callcott Horsley live?,In which country did John Callcott Horsley live? the U.K.
Jack Kilby lived in the U.S.,1,In which country did Jack Kilby live?,In which country did Jack Kilby live? the U.S.
Samuel Fox lived in the U.K.,1,In which country did Samuel Fox live?,In which country did Samuel Fox live? the U.K.
Hans Berger lived in Germany.,1,In which country did Hans Berger live?,In which country did Hans Berger live? Germany.
Ernest Swinton lived in the U.S.,0,In which country did Ernest Swinton live?,In which country did Ernest Swinton live? the U.S.
André-Jacques Garnerin lived in France.,1,In which country did André-Jacques Garnerin live?,In which country did André-Jacques Garnerin live? France.
Alexander Fleming lived in the U.K.,1,In which country did Alexander Fleming live?,In which country did Alexander Fleming live? the U.K.
Hans Goldschmidt lived in the Netherlands.,0,In which country did Hans Goldschmidt live?,In which country did Hans Goldschmidt live? the Netherlands.
Willem Einthoven lived in France.,0,In which country did Willem Einthoven live?,In which country did Willem Einthoven live? France.
Garrett Morgan lived in the U.S.,1,In which country did Garrett Morgan live?,In which country did Garrett Morgan live? the U.S.
Richard Trevithick lived in the U.S.,0,In which country did Richard Trevithick live?,In which country did Richard Trevithick live? the U.S.
Georges Claude lived in Italy.,0,In which country did Georges Claude live?,In which country did Georges Claude live? Italy.
Sir Isaac Newton lived in the U.K.,1,In which country did Sir Isaac Newton live?,In which country did Sir Isaac Newton live? the U.K.
William Kelly lived in the U.S.,1,In which country did William Kelly live?,In which country did William Kelly live? the U.S.
Thomas Wedgwood lived in Finland.,0,In which country did Thomas Wedgwood live?,In which country did Thomas Wedgwood live? Finland.
Nils Bohlin lived in Germany.,0,In which country did Nils Bohlin live?,In which country did Nils Bohlin live? Germany.
Albert Ghiorso lived in the U.S.,1,In which country did Albert Ghiorso live?,In which country did Albert Ghiorso live? the U.S.
George de Mestral lived in Switzerland.,1,In which country did George de Mestral live?,In which country did George de Mestral live? Switzerland.
Carlos Glidden lived in the U.S.,1,In which country did Carlos Glidden live?,In which country did Carlos Glidden live? the U.S.
William Congreve lived in the U.K.,1,In which country did William Congreve live?,In which country did William Congreve live? the U.K.
John Logie Baird lived in Japan.,0,In which country did John Logie Baird live?,In which country did John Logie Baird live? Japan.
Edouard Benedictus lived in the U.S.,0,In which country did Edouard Benedictus live?,In which country did Edouard Benedictus live? the U.S.
Alec Jeffreys lived in France.,0,In which country did Alec Jeffreys live?,In which country did Alec Jeffreys live? France.
Arthur Pitney lived in the U.S.,1,In which country did Arthur Pitney live?,In which country did Arthur Pitney live? the U.S.
Giovanni Caselli lived in the U.S.,0,In which country did Giovanni Caselli live?,In which country did Giovanni Caselli live? the U.S.
John Gorrie lived in the U.S.,1,In which country did John Gorrie live?,In which country did John Gorrie live? the U.S.
Robert Chesebrough lived in the U.S.,1,In which country did Robert Chesebrough live?,In which country did Robert Chesebrough live? the U.S.
Johannes Gutenberg lived in the U.K.,0,In which country did Johannes Gutenberg live?,In which country did Johannes Gutenberg live? the U.K.
Maria Telkes lived in Hungary.,0,In which country did Maria Telkes live?,In which country did Maria Telkes live? Hungary.
Yoshiro Nakamatsu lived in the U.S.,0,In which country did Yoshiro Nakamatsu live?,In which country did Yoshiro Nakamatsu live? the U.S.
Chester Carlson lived in the U.S.,1,In which country did Chester Carlson live?,In which country did Chester Carlson live? the U.S.
George Pullman lived in the U.S.,1,In which country did George Pullman live?,In which country did George Pullman live? the U.S.
George Cayley lived in the U.K.,1,In which country did George Cayley live?,In which country did George Cayley live? the U.K.
John Bardeen lived in the U.S.,1,In which country did John Bardeen live?,In which country did John Bardeen live? the U.S.
Orville and Wilbur Wright lived in France.,0,In which country did Orville and Wilbur Wright live?,In which country did Orville and Wilbur Wright live? France.
Archimedes lived in the U.S.,0,In which country did Archimedes live?,In which country did Archimedes live? the U.S.
Johannes Gutenberg lived in Germany.,1,In which country did Johannes Gutenberg live?,In which country did Johannes Gutenberg live? Germany.
George Eastman lived in the U.S.,1,In which country did George Eastman live?,In which country did George Eastman live? the U.S.
Hans Lippershey lived in the Netherlands.,1,In which country did Hans Lippershey live?,In which country did Hans Lippershey live? the Netherlands.
Carl Elsener lived in the U.S.,0,In which country did Carl Elsener live?,In which country did Carl Elsener live? the U.S.
John Boyd Dunlop lived in France.,0,In which country did John Boyd Dunlop live?,In which country did John Boyd Dunlop live? France.
Heinrich Hertz lived in Germany.,1,In which country did Heinrich Hertz live?,In which country did Heinrich Hertz live? Germany.
Leonardo da Vinci lived in Italy.,1,In which country did Leonardo da Vinci live?,In which country did Leonardo da Vinci live? Italy.
Nikolai Basov lived in the Soviet Union.,1,In which country did Nikolai Basov live?,In which country did Nikolai Basov live? the Soviet Union.
Wilhelm Conrad Röntgen lived in the U.S.,0,In which country did Wilhelm Conrad Röntgen live?,In which country did Wilhelm Conrad Röntgen live? the U.S.
Guglielmo Marconi lived in Italy.,1,In which country did Guglielmo Marconi live?,In which country did Guglielmo Marconi live? Italy.
Christian Huygens lived in the Netherlands.,1,In which country did Christian Huygens live?,In which country did Christian Huygens live? the Netherlands.
Robert Adler lived in the U.K.,0,In which country did Robert Adler live?,In which country did Robert Adler live? the U.K.
John Walker lived in the U.S.,0,In which country did John Walker live?,In which country did John Walker live? the U.S.
Grace Hopper lived in the U.K.,0,In which country did Grace Hopper live?,In which country did Grace Hopper live? the U.K.
James West lived in the U.S.,1,In which country did James West live?,In which country did James West live? the U.S.
Charles Townes lived in Russia.,0,In which country did Charles Townes live?,In which country did Charles Townes live? Russia.
Sir Frank Whittle lived in the U.K.,1,In which country did Sir Frank Whittle live?,In which country did Sir Frank Whittle live? the U.K.
John Ambrose Fleming lived in the U.K.,1,In which country did John Ambrose Fleming live?,In which country did John Ambrose Fleming live? the U.K.
Gottlieb Daimler lived in Germany.,1,In which country did Gottlieb Daimler live?,In which country did Gottlieb Daimler live? Germany.
Frederick McKinley Jones lived in Japan.,0,In which country did Frederick McKinley Jones live?,In which country did Frederick McKinley Jones live? Japan.
William Sturgeon lived in Germany.,0,In which country did William Sturgeon live?,In which country did William Sturgeon live? Germany.
Igor Tamm lived in the U.S.,0,In which country did Igor Tamm live?,In which country did Igor Tamm live? the U.S.
Frank Julian Sprague lived in the U.S.,1,In which country did Frank Julian Sprague live?,In which country did Frank Julian Sprague live? the U.S.
George Antheil lived in the U.S.,1,In which country did George Antheil live?,In which country did George Antheil live? the U.S.
William Kelly lived in France.,0,In which country did William Kelly live?,In which country did William Kelly live? France.
Alva J. Fisher lived in the U.S.,1,In which country did Alva J. Fisher live?,In which country did Alva J. Fisher live? the U.S.
Louis Pasteur lived in the U.S.,0,In which country did Louis Pasteur live?,In which country did Louis Pasteur live? the U.S.
Thomas Edison lived in the U.S.,1,In which country did Thomas Edison live?,In which country did Thomas Edison live? the U.S.
Joseph Glidden lived in Germany.,0,In which country did Joseph Glidden live?,In which country did Joseph Glidden live? Germany.
Tim Berners-Lee lived in Germany.,0,In which country did Tim Berners-Lee live?,In which country did Tim Berners-Lee live? Germany.
Carl Wilhelm Siemens lived in Germany.,1,In which country did Carl Wilhelm Siemens live?,In which country did Carl Wilhelm Siemens live? Germany.
Ralph Benjamin lived in the U.K.,1,In which country did Ralph Benjamin live?,In which country did Ralph Benjamin live? the U.K.
George Devol lived in the U.S.,1,In which country did George Devol live?,In which country did George Devol live? the U.S.
Igor Tamm lived in Russia.,1,In which country did Igor Tamm live?,In which country did Igor Tamm live? Russia.
Philipp Reis lived in Germany.,1,In which country did Philipp Reis live?,In which country did Philipp Reis live? Germany.
Edmund Cartwright lived in the U.K.,1,In which country did Edmund Cartwright live?,In which country did Edmund Cartwright live? the U.K.
Heinrich Göbel lived in the U.S.,0,In which country did Heinrich Göbel live?,In which country did Heinrich Göbel live? the U.S.
Yoshua Bengio lived in the U.S.,0,In which country did Yoshua Bengio live?,In which country did Yoshua Bengio live? the U.S.
John Kay lived in the U.S.,0,In which country did John Kay live?,In which country did John Kay live? the U.S.
Marie Curie lived in Poland/France.,1,In which country did Marie Curie live?,In which country did Marie Curie live? Poland/France.
Mary Phelps Jacob lived in the U.S.,1,In which country did Mary Phelps Jacob live?,In which country did Mary Phelps Jacob live? the U.S.
Valdemar Poulsen lived in Scotland.,0,In which country did Valdemar Poulsen live?,In which country did Valdemar Poulsen live? Scotland.
John Harrison lived in the U.K.,1,In which country did John Harrison live?,In which country did John Harrison live? the U.K.
John Ericsson lived in the U.S.,0,In which country did John Ericsson live?,In which country did John Ericsson live? the U.S.
James Starley lived in Sweden/the U.S.,0,In which country did James Starley live?,In which country did James Starley live? Sweden/the U.S.
Charles Tellier lived in the U.K.,0,In which country did Charles Tellier live?,In which country did Charles Tellier live? the U.K.
Fritz Pfleumer lived in Canada/the U.S.,0,In which country did Fritz Pfleumer live?,In which country did Fritz Pfleumer live? Canada/the U.S.
Clyde Tombaugh lived in the U.S.,1,In which country did Clyde Tombaugh live?,In which country did Clyde Tombaugh live? the U.S.
Nicolas Appert lived in Russia.,0,In which country did Nicolas Appert live?,In which country did Nicolas Appert live? Russia.
Felix Hoffmann lived in the U.S.,0,In which country did Felix Hoffmann live?,In which country did Felix Hoffmann live? the U.S.
Joseph Henry lived in the U.S.,1,In which country did Joseph Henry live?,In which country did Joseph Henry live? the U.S.
Alexander Graham Bell lived in Germany.,0,In which country did Alexander Graham Bell live?,In which country did Alexander Graham Bell live? Germany.
Robert Noyce lived in the U.S.,1,In which country did Robert Noyce live?,In which country did Robert Noyce live? the U.S.
Charles Francis Richter lived in the U.S.,1,In which country did Charles Francis Richter live?,In which country did Charles Francis Richter live? the U.S.
Hans Oersted lived in Denmark.,1,In which country did Hans Oersted live?,In which country did Hans Oersted live? Denmark.
Nils Bohlin lived in Sweden.,1,In which country did Nils Bohlin live?,In which country did Nils Bohlin live? Sweden.
Alec Jeffreys lived in the U.K.,1,In which country did Alec Jeffreys live?,In which country did Alec Jeffreys live? the U.K.
John T. Parsons lived in the U.S.,1,In which country did John T. Parsons live?,In which country did John T. Parsons live? the U.S.
Otis Boykin lived in the U.S.,1,In which country did Otis Boykin live?,In which country did Otis Boykin live? the U.S.
Charles Strite lived in the U.S.,1,In which country did Charles Strite live?,In which country did Charles Strite live? the U.S.
Alessandro Volta lived in Italy.,1,In which country did Alessandro Volta live?,In which country did Alessandro Volta live? Italy.
Ruth Handler lived in the U.S.,1,In which country did Ruth Handler live?,In which country did Ruth Handler live? the U.S.
Georges Claude lived in France.,1,In which country did Georges Claude live?,In which country did Georges Claude live? France.
Hedy Lamarr lived in the U.S.,0,In which country did Hedy Lamarr live?,In which country did Hedy Lamarr live? the U.S.
Alfred Nobel lived in Sweden.,1,In which country did Alfred Nobel live?,In which country did Alfred Nobel live? Sweden.
John Ambrose Fleming lived in the U.S.,0,In which country did John Ambrose Fleming live?,In which country did John Ambrose Fleming live? the U.S.
Charles Strite lived in Italy.,0,In which country did Charles Strite live?,In which country did Charles Strite live? Italy.
John Ericsson lived in Sweden.,1,In which country did John Ericsson live?,In which country did John Ericsson live? Sweden.
Elisha Otis lived in the U.K.,0,In which country did Elisha Otis live?,In which country did Elisha Otis live? the U.K.
Gordon Gould lived in Canada.,0,In which country did Gordon Gould live?,In which country did Gordon Gould live? Canada.
Christopher Cockerell lived in the U.K.,1,In which country did Christopher Cockerell live?,In which country did Christopher Cockerell live? the U.K.
Sir Charles Parsons lived in the U.K.,1,In which country did Sir Charles Parsons live?,In which country did Sir Charles Parsons live? the U.K.
Henry Ford lived in the U.S.,1,In which country did Henry Ford live?,In which country did Henry Ford live? the U.S.
Rudolf Kálmán lived in the U.K.,0,In which country did Rudolf Kálmán live?,In which country did Rudolf Kálmán live? the U.K.
Joseph Swan lived in the U.K.,1,In which country did Joseph Swan live?,In which country did Joseph Swan live? the U.K.
Richard Gatling lived in the U.S.,1,In which country did Richard Gatling live?,In which country did Richard Gatling live? the U.S.
Ferdinand von Zeppelin lived in Germany.,1,In which country did Ferdinand von Zeppelin live?,In which country did Ferdinand von Zeppelin live? Germany.
Karl Benz lived in Germany.,1,In which country did Karl Benz live?,In which country did Karl Benz live? Germany.
James Starley lived in the U.K.,1,In which country did James Starley live?,In which country did James Starley live? the U.K.
August Horch lived in Germany.,1,In which country did August Horch live?,In which country did August Horch live? Germany.
Charles Macintosh lived in the U.S.,0,In which country did Charles Macintosh live?,In which country did Charles Macintosh live? the U.S.
Heinrich Göbel lived in Germany.,1,In which country did Heinrich Göbel live?,In which country did Heinrich Göbel live? Germany.
Marie Curie lived in Hungary.,0,In which country did Marie Curie live?,In which country did Marie Curie live? Hungary.
Igor Sikorsky lived in Ukraine/the U.S.,1,In which country did Igor Sikorsky live?,In which country did Igor Sikorsky live? Ukraine/the U.S.
Gustaf Dalén lived in Germany.,0,In which country did Gustaf Dalén live?,In which country did Gustaf Dalén live? Germany.
Eli Whitney lived in the U.S.,1,In which country did Eli Whitney live?,In which country did Eli Whitney live? the U.S.
Hippolyte Mège-Mouriès lived in France.,1,In which country did Hippolyte Mège-Mouriès live?,In which country did Hippolyte Mège-Mouriès live? France.
Ada Lovelace lived in the U.S.,0,In which country did Ada Lovelace live?,In which country did Ada Lovelace live? the U.S.
Spencer Silver lived in the U.S.,1,In which country did Spencer Silver live?,In which country did Spencer Silver live? the U.S.
Leon Theremin lived in Germany.,0,In which country did Leon Theremin live?,In which country did Leon Theremin live? Germany.
Emile Berliner lived in Germany/the U.S.,1,In which country did Emile Berliner live?,In which country did Emile Berliner live? Germany/the U.S.
Charles Wheatstone lived in the U.K.,1,In which country did Charles Wheatstone live?,In which country did Charles Wheatstone live? the U.K.
Biruté Galdikas lived in France.,0,In which country did Biruté Galdikas live?,In which country did Biruté Galdikas live? France.
Samuel Fox lived in France.,0,In which country did Samuel Fox live?,In which country did Samuel Fox live? France.
Grace Hopper lived in the U.S.,1,In which country did Grace Hopper live?,In which country did Grace Hopper live? the U.S.
Biruté Galdikas lived in Canada.,1,In which country did Biruté Galdikas live?,In which country did Biruté Galdikas live? Canada.
Daisuke Inoue lived in Japan.,1,In which country did Daisuke Inoue live?,In which country did Daisuke Inoue live? Japan.
Albert Ghiorso lived in the U.K.,0,In which country did Albert Ghiorso live?,In which country did Albert Ghiorso live? the U.K.
Karl Landsteiner lived in Austria.,1,In which country did Karl Landsteiner live?,In which country did Karl Landsteiner live? Austria.
Joseph Henry lived in the U.K.,0,In which country did Joseph Henry live?,In which country did Joseph Henry live? the U.K.
Galileo Galilei lived in the U.S.,0,In which country did Galileo Galilei live?,In which country did Galileo Galilei live? the U.S.
Linus Torvalds lived in Finland.,1,In which country did Linus Torvalds live?,In which country did Linus Torvalds live? Finland.
Ami Argand lived in the U.S.,0,In which country did Ami Argand live?,In which country did Ami Argand live? the U.S.
André-Jacques Garnerin lived in the Netherlands.,0,In which country did André-Jacques Garnerin live?,In which country did André-Jacques Garnerin live? the Netherlands.
Levi Strauss lived in the U.S.,1,In which country did Levi Strauss live?,In which country did Levi Strauss live? the U.S.
Alessandro Volta lived in the U.S.,0,In which country did Alessandro Volta live?,In which country did Alessandro Volta live? the U.S.
Edouard Benedictus lived in France.,1,In which country did Edouard Benedictus live?,In which country did Edouard Benedictus live? France.
Arthur Fry lived in France.,0,In which country did Arthur Fry live?,In which country did Arthur Fry live? France.
Charles Townes lived in the U.S.,1,In which country did Charles Townes live?,In which country did Charles Townes live? the U.S.
Ralph H. Baer lived in France.,0,In which country did Ralph H. Baer live?,In which country did Ralph H. Baer live? France.
Reginald Fessenden lived in Canada/the U.S.,1,In which country did Reginald Fessenden live?,In which country did Reginald Fessenden live? Canada/the U.S.
Antoine Lavoisier lived in Austria.,0,In which country did Antoine Lavoisier live?,In which country did Antoine Lavoisier live? Austria.
Joseph Engelberger lived in the U.S.,1,In which country did Joseph Engelberger live?,In which country did Joseph Engelberger live? the U.S.
Karl Landsteiner lived in the U.K.,0,In which country did Karl Landsteiner live?,In which country did Karl Landsteiner live? the U.K.
Reginald Fessenden lived in the U.K.,0,In which country did Reginald Fessenden live?,In which country did Reginald Fessenden live? the U.K.
John Shepherd-Barron lived in the U.S.,0,In which country did John Shepherd-Barron live?,In which country did John Shepherd-Barron live? the U.S.
Frank Bunker Gilbreth lived in Russia.,0,In which country did Frank Bunker Gilbreth live?,In which country did Frank Bunker Gilbreth live? Russia.
Daisuke Inoue lived in the U.S.,0,In which country did Daisuke Inoue live?,In which country did Daisuke Inoue live? the U.S.
John Kay lived in the U.K.,1,In which country did John Kay live?,In which country did John Kay live? the U.K.
Tim Berners-Lee lived in the U.K.,1,In which country did Tim Berners-Lee live?,In which country did Tim Berners-Lee live? the U.K.
Charles Francis Jenkins lived in the U.S.,1,In which country did Charles Francis Jenkins live?,In which country did Charles Francis Jenkins live? the U.S.
Jean-Bernard-Léon Foucault lived in the U.S.,0,In which country did Jean-Bernard-Léon Foucault live?,In which country did Jean-Bernard-Léon Foucault live? the U.S.
Wilhelm Conrad Röntgen lived in Germany.,1,In which country did Wilhelm Conrad Röntgen live?,In which country did Wilhelm Conrad Röntgen live? Germany.
Christian Huygens lived in Scotland.,0,In which country did Christian Huygens live?,In which country did Christian Huygens live? Scotland.
Ada Lovelace lived in the U.K.,1,In which country did Ada Lovelace live?,In which country did Ada Lovelace live? the U.K.
Philo Taylor Farnsworth lived in the U.S.,1,In which country did Philo Taylor Farnsworth live?,In which country did Philo Taylor Farnsworth live? the U.S.
Sergey Brin and Larry Page lived in the U.S.,1,In which country did Sergey Brin and Larry Page live?,In which country did Sergey Brin and Larry Page live? the U.S.
Hans Geiger lived in Germany.,1,In which country did Hans Geiger live?,In which country did Hans Geiger live? Germany.
Evangelista Torricelli lived in Italy.,1,In which country did Evangelista Torricelli live?,In which country did Evangelista Torricelli live? Italy.
Herbert Akroyd Stuart lived in Russia.,0,In which country did Herbert Akroyd Stuart live?,In which country did Herbert Akroyd Stuart live? Russia.
Daniel Fahrenheit lived in the U.S.,0,In which country did Daniel Fahrenheit live?,In which country did Daniel Fahrenheit live? the U.S.
Shinya Yamanaka lived in Japan.,1,In which country did Shinya Yamanaka live?,In which country did Shinya Yamanaka live? Japan.
Giovanni Caselli lived in Italy.,1,In which country did Giovanni Caselli live?,In which country did Giovanni Caselli live? Italy.
Charles Francis Jenkins lived in Germany.,0,In which country did Charles Francis Jenkins live?,In which country did Charles Francis Jenkins live? Germany.
Hedy Lamarr lived in Austria/the U.S.,1,In which country did Hedy Lamarr live?,In which country did Hedy Lamarr live? Austria/the U.S.
Frederick McKinley Jones lived in the U.S.,1,In which country did Frederick McKinley Jones live?,In which country did Frederick McKinley Jones live? the U.S.
James Hargreaves lived in the U.K.,1,In which country did James Hargreaves live?,In which country did James Hargreaves live? the U.K.
David Schwarz lived in Croatia.,1,In which country did David Schwarz live?,In which country did David Schwarz live? Croatia.
Konrad Zuse lived in Germany.,1,In which country did Konrad Zuse live?,In which country did Konrad Zuse live? Germany.
Jacob Perkins lived in the U.S.,1,In which country did Jacob Perkins live?,In which country did Jacob Perkins live? the U.S.
Arthur Pitney lived in the U.K.,0,In which country did Arthur Pitney live?,In which country did Arthur Pitney live? the U.K.
John Boyd Dunlop lived in Scotland.,1,In which country did John Boyd Dunlop live?,In which country did John Boyd Dunlop live? Scotland.
Charles Babbage lived in Hungary/the U.S.,0,In which country did Charles Babbage live?,In which country did Charles Babbage live? Hungary/the U.S.
Hans von Ohain lived in Germany.,1,In which country did Hans von Ohain live?,In which country did Hans von Ohain live? Germany.
John von Neumann lived in the U.S.,0,In which country did John von Neumann live?,In which country did John von Neumann live? the U.S.
Christopher Cockerell lived in France.,0,In which country did Christopher Cockerell live?,In which country did Christopher Cockerell live? France.
R. Buckminster Fuller lived in the U.S.,1,In which country did R. Buckminster Fuller live?,In which country did R. Buckminster Fuller live? the U.S.
Thomas Tompion lived in the U.K.,1,In which country did Thomas Tompion live?,In which country did Thomas Tompion live? the U.K.
Vint Cerf lived in Italy.,0,In which country did Vint Cerf live?,In which country did Vint Cerf live? Italy.
Nicolas Appert lived in France.,1,In which country did Nicolas Appert live?,In which country did Nicolas Appert live? France.
Wallace Carothers lived in Denmark.,0,In which country did Wallace Carothers live?,In which country did Wallace Carothers live? Denmark.
Carl Sontheimer lived in the U.S.,1,In which country did Carl Sontheimer live?,In which country did Carl Sontheimer live? the U.S.
Karl Benz lived in the U.S.,0,In which country did Karl Benz live?,In which country did Karl Benz live? the U.S.
Konrad Zuse lived in Poland/France.,0,In which country did Konrad Zuse live?,In which country did Konrad Zuse live? Poland/France.
James Clerk Maxwell lived in the U.K.,1,In which country did James Clerk Maxwell live?,In which country did James Clerk Maxwell live? the U.K.
Nikola Tesla lived in Germany.,0,In which country did Nikola Tesla live?,In which country did Nikola Tesla live? Germany.
James Murray Spangler lived in the U.S.,1,In which country did James Murray Spangler live?,In which country did James Murray Spangler live? the U.S.
John Wesley Hyatt lived in the U.K.,0,In which country did John Wesley Hyatt live?,In which country did John Wesley Hyatt live? the U.K.
Hans Goldschmidt lived in Germany.,1,In which country did Hans Goldschmidt live?,In which country did Hans Goldschmidt live? Germany.
Carl Elsener lived in Switzerland.,1,In which country did Carl Elsener live?,In which country did Carl Elsener live? Switzerland.
Vint Cerf lived in the U.S.,1,In which country did Vint Cerf live?,In which country did Vint Cerf live? the U.S.
Charles Tellier lived in France.,1,In which country did Charles Tellier live?,In which country did Charles Tellier live? France.
Elisha Gray lived in Austria/the U.S.,0,In which country did Elisha Gray live?,In which country did Elisha Gray live? Austria/the U.S.
George de Mestral lived in Canada.,0,In which country did George de Mestral live?,In which country did George de Mestral live? Canada.
Sir Charles Parsons lived in the U.S.,0,In which country did Sir Charles Parsons live?,In which country did Sir Charles Parsons live? the U.S.
Henry Bessemer lived in the U.S.,0,In which country did Henry Bessemer live?,In which country did Henry Bessemer live? the U.S.
James Dyson lived in Canada.,0,In which country did James Dyson live?,In which country did James Dyson live? Canada.
Jack Kilby lived in the U.K.,0,In which country did Jack Kilby live?,In which country did Jack Kilby live? the U.K.
Joseph Marie Jacquard lived in France.,1,In which country did Joseph Marie Jacquard live?,In which country did Joseph Marie Jacquard live? France.
Carl Wilhelm Siemens lived in the U.S.,0,In which country did Carl Wilhelm Siemens live?,In which country did Carl Wilhelm Siemens live? the U.S.
Sir Humphry Davy lived in the U.S.,0,In which country did Sir Humphry Davy live?,In which country did Sir Humphry Davy live? the U.S.
Philipp Reis lived in Finland.,0,In which country did Philipp Reis live?,In which country did Philipp Reis live? Finland.
Samuel Colt lived in the U.S.,1,In which country did Samuel Colt live?,In which country did Samuel Colt live? the U.S.
Bartolomeo Cristofori lived in the U.S.,0,In which country did Bartolomeo Cristofori live?,In which country did Bartolomeo Cristofori live? the U.S.
Mary Walton lived in the U.S.,1,In which country did Mary Walton live?,In which country did Mary Walton live? the U.S.
Felix Hoffmann lived in Germany.,1,In which country did Felix Hoffmann live?,In which country did Felix Hoffmann live? Germany.
Lester Wire lived in the U.K.,0,In which country did Lester Wire live?,In which country did Lester Wire live? the U.K.
Frederick G. Creed lived in Canada.,1,In which country did Frederick G. Creed live?,In which country did Frederick G. Creed live? Canada.
Hans von Ohain lived in Canada.,0,In which country did Hans von Ohain live?,In which country did Hans von Ohain live? Canada.
Elihu Thomson lived in the U.S.,1,In which country did Elihu Thomson live?,In which country did Elihu Thomson live? the U.S.
Yvonne Brill lived in the U.S.,0,In which country did Yvonne Brill live?,In which country did Yvonne Brill live? the U.S.
Pierre Curie lived in France.,1,In which country did Pierre Curie live?,In which country did Pierre Curie live? France.
James Hargreaves lived in Sweden.,0,In which country did James Hargreaves live?,In which country did James Hargreaves live? Sweden.
Nikolay Slavyanov lived in Russia.,1,In which country did Nikolay Slavyanov live?,In which country did Nikolay Slavyanov live? Russia.
Dr. Robert Gallo lived in the U.S.,1,In which country did Dr. Robert Gallo live?,In which country did Dr. Robert Gallo live? the U.S.
Charles Goodyear lived in the U.K.,0,In which country did Charles Goodyear live?,In which country did Charles Goodyear live? the U.K.
Samuel Morse lived in the U.S.,1,In which country did Samuel Morse live?,In which country did Samuel Morse live? the U.S.
Daniel Fahrenheit lived in Poland/Germany.,1,In which country did Daniel Fahrenheit live?,In which country did Daniel Fahrenheit live? Poland/Germany.
John Logie Baird lived in Scotland.,1,In which country did John Logie Baird live?,In which country did John Logie Baird live? Scotland.
Henri Giffard lived in France.,1,In which country did Henri Giffard live?,In which country did Henri Giffard live? France.
Eugene Polley lived in the U.S.,1,In which country did Eugene Polley live?,In which country did Eugene Polley live? the U.S.
Zhores Alferov lived in Russia.,1,In which country did Zhores Alferov live?,In which country did Zhores Alferov live? Russia.
Ferdinand Carré lived in France.,1,In which country did Ferdinand Carré live?,In which country did Ferdinand Carré live? France.
Richard Trevithick lived in the U.K.,1,In which country did Richard Trevithick live?,In which country did Richard Trevithick live? the U.K.
Edmund Cartwright lived in the U.S.,0,In which country did Edmund Cartwright live?,In which country did Edmund Cartwright live? the U.S.
John Walker lived in the U.K.,1,In which country did John Walker live?,In which country did John Walker live? the U.K.
Semyon Kirlian lived in the U.K.,0,In which country did Semyon Kirlian live?,In which country did Semyon Kirlian live? the U.K.
Blaise Pascal lived in France.,1,In which country did Blaise Pascal live?,In which country did Blaise Pascal live? France.
Mary Phelps Jacob lived in Ukraine/the U.S.,0,In which country did Mary Phelps Jacob live?,In which country did Mary Phelps Jacob live? Ukraine/the U.S.
Luther Simjian lived in the U.S.,0,In which country did Luther Simjian live?,In which country did Luther Simjian live? the U.S.
Benjamin Rubin lived in the U.S.,1,In which country did Benjamin Rubin live?,In which country did Benjamin Rubin live? the U.S.
Willem Einthoven lived in the Netherlands.,1,In which country did Willem Einthoven live?,In which country did Willem Einthoven live? the Netherlands.
Godfrey Hounsfield lived in the U.K.,1,In which country did Godfrey Hounsfield live?,In which country did Godfrey Hounsfield live? the U.K.
Yoshiro Nakamatsu lived in Japan.,1,In which country did Yoshiro Nakamatsu live?,In which country did Yoshiro Nakamatsu live? Japan.
Sir Isaac Newton lived in the U.S.,0,In which country did Sir Isaac Newton live?,In which country did Sir Isaac Newton live? the U.S.
Ferdinand von Zeppelin lived in France.,0,In which country did Ferdinand von Zeppelin live?,In which country did Ferdinand von Zeppelin live? France.
Auguste and Louis Lumière lived in France.,1,In which country did Auguste and Louis Lumière live?,In which country did Auguste and Louis Lumière live? France.
Thomas Edison lived in the U.K.,0,In which country did Thomas Edison live?,In which country did Thomas Edison live? the U.K.
Cai Lun lived in China.,1,In which country did Cai Lun live?,In which country did Cai Lun live? China.
